<?xml version="1.0" encoding="UTF-8"?>
<project-private xmlns="http://www.netbeans.org/ns/project-private/1">
    <editor-bookmarks xmlns="http://www.netbeans.org/ns/editor-bookmarks/2" lastBookmarkId="0"/>
    <open-files xmlns="http://www.netbeans.org/ns/projectui-open-files/2">
        <group>
            <file>file:/C:/wamp64/www/site-sfl2/app/Resources/views/base.html.twig</file>
            <file>file:/C:/wamp64/www/site-sfl2/src/SFL2/ApplicationBundle/Resources/views/Utilisateur/index.html.twig</file>
            <file>file:/C:/wamp64/www/site-sfl2/src/SFL2/ApplicationBundle/Resources/views/Utilisateur/delete.html.twig</file>
            <file>file:/C:/wamp64/www/site-sfl2/src/SFL2/ApplicationBundle/Form/EmpruntType.php</file>
            <file>file:/C:/wamp64/www/site-sfl2/src/SFL2/ApplicationBundle/Resources/views/Emprunt/index.html.twig</file>
            <file>file:/C:/wamp64/www/site-sfl2/src/SFL2/ApplicationBundle/Entity/Utilisateur.php</file>
            <file>file:/C:/wamp64/www/site-sfl2/src/SFL2/ApplicationBundle/Entity/Article.php</file>
            <file>file:/C:/wamp64/www/site-sfl2/app/config/parameters.yml</file>
            <file>file:/C:/wamp64/www/site-sfl2/src/SFL2/ApplicationBundle/Resources/views/Emprunt/add.html.twig</file>
            <file>file:/C:/wamp64/www/site-sfl2/src/SFL2/ApplicationBundle/Resources/views/Default/index.html.twig</file>
            <file>file:/C:/wamp64/www/site-sfl2/src/SFL2/ApplicationBundle/Resources/views/Localisation/localisation.html.twig</file>
            <file>file:/C:/wamp64/www/site-sfl2/src/SFL2/ApplicationBundle/Controller/DefaultController.php</file>
            <file>file:/C:/wamp64/www/site-sfl2/src/SFL2/ApplicationBundle/Entity/Emprunt.php</file>
            <file>file:/C:/wamp64/www/site-sfl2/src/SFL2/ApplicationBundle/Resources/views/Utilisateur/add.html.twig</file>
        </group>
    </open-files>
</project-private>
